Clase de poblaci?n;Total Nacional;Comunidades y Ciudades Aut?nomas;Frecuencia de uso;Total
Total personas (16 a 74 a?os);Total Nacional;;Total;35.436.056
Total personas (16 a 74 a?os);Total Nacional;;Han utilizado Internet alguna vez;95,5
Total personas (16 a 74 a?os);Total Nacional;;Han utilizado Internet en los ?ltimos 12 meses;94,9
Total personas (16 a 74 a?os);Total Nacional;;Han utilizado Internet en los ?ltimos 3 meses;94,5
Total personas (16 a 74 a?os);Total Nacional;;Han utilizado internet semanalmente (al menos una vez a la semana);92,9
Total personas (16 a 74 a?os);Total Nacional;;Han usado Internet diariamente (al menos 5 d?as a la semana);87
Total personas (16 a 74 a?os);Total Nacional;;Han utilizado internet varias veces al d?a;84,2
Total personas (16 a 74 a?os);Total Nacional;01 Andaluc?a;Total;6.405.608
Total personas (16 a 74 a?os);Total Nacional;01 Andaluc?a;Han utilizado Internet alguna vez;94,2
Total personas (16 a 74 a?os);Total Nacional;01 Andaluc?a;Han utilizado Internet en los ?ltimos 12 meses;93,6
Total personas (16 a 74 a?os);Total Nacional;01 Andaluc?a;Han utilizado Internet en los ?ltimos 3 meses;93,1
Total personas (16 a 74 a?os);Total Nacional;01 Andaluc?a;Han utilizado internet semanalmente (al menos una vez a la semana);91,5
Total personas (16 a 74 a?os);Total Nacional;01 Andaluc?a;Han usado Internet diariamente (al menos 5 d?as a la semana);87
Total personas (16 a 74 a?os);Total Nacional;01 Andaluc?a;Han utilizado internet varias veces al d?a;84,6
Total personas (16 a 74 a?os);Total Nacional;02 Arag?n;Total;956.109
Total personas (16 a 74 a?os);Total Nacional;02 Arag?n;Han utilizado Internet alguna vez;96,0
Total personas (16 a 74 a?os);Total Nacional;02 Arag?n;Han utilizado Internet en los ?ltimos 12 meses;94,9
Total personas (16 a 74 a?os);Total Nacional;02 Arag?n;Han utilizado Internet en los ?ltimos 3 meses;94,6
Total personas (16 a 74 a?os);Total Nacional;02 Arag?n;Han utilizado internet semanalmente (al menos una vez a la semana);93,0
Total personas (16 a 74 a?os);Total Nacional;02 Arag?n;Han usado Internet diariamente (al menos 5 d?as a la semana);88
Total personas (16 a 74 a?os);Total Nacional;02 Arag?n;Han utilizado internet varias veces al d?a;85,3
Total personas (16 a 74 a?os);Total Nacional;03 Asturias, Principado de;Total;752.700
Total personas (16 a 74 a?os);Total Nacional;03 Asturias, Principado de;Han utilizado Internet alguna vez;94,4
Total personas (16 a 74 a?os);Total Nacional;03 Asturias, Principado de;Han utilizado Internet en los ?ltimos 12 meses;93,3
Total personas (16 a 74 a?os);Total Nacional;03 Asturias, Principado de;Han utilizado Internet en los ?ltimos 3 meses;92,2
Total personas (16 a 74 a?os);Total Nacional;03 Asturias, Principado de;Han utilizado internet semanalmente (al menos una vez a la semana);90,6
Total personas (16 a 74 a?os);Total Nacional;03 Asturias, Principado de;Han usado Internet diariamente (al menos 5 d?as a la semana);84
Total personas (16 a 74 a?os);Total Nacional;03 Asturias, Principado de;Han utilizado internet varias veces al d?a;79,5
Total personas (16 a 74 a?os);Total Nacional;04 Balears, Illes;Total;944.040
Total personas (16 a 74 a?os);Total Nacional;04 Balears, Illes;Han utilizado Internet alguna vez;97,3
Total personas (16 a 74 a?os);Total Nacional;04 Balears, Illes;Han utilizado Internet en los ?ltimos 12 meses;97,1
Total personas (16 a 74 a?os);Total Nacional;04 Balears, Illes;Han utilizado Internet en los ?ltimos 3 meses;97,1
Total personas (16 a 74 a?os);Total Nacional;04 Balears, Illes;Han utilizado internet semanalmente (al menos una vez a la semana);96,3
Total personas (16 a 74 a?os);Total Nacional;04 Balears, Illes;Han usado Internet diariamente (al menos 5 d?as a la semana);92
Total personas (16 a 74 a?os);Total Nacional;04 Balears, Illes;Han utilizado internet varias veces al d?a;86,6
Total personas (16 a 74 a?os);Total Nacional;05 Canarias;Total;1.778.183
Total personas (16 a 74 a?os);Total Nacional;05 Canarias;Han utilizado Internet alguna vez;94,9
Total personas (16 a 74 a?os);Total Nacional;05 Canarias;Han utilizado Internet en los ?ltimos 12 meses;94,4
Total personas (16 a 74 a?os);Total Nacional;05 Canarias;Han utilizado Internet en los ?ltimos 3 meses;93,9
Total personas (16 a 74 a?os);Total Nacional;05 Canarias;Han utilizado internet semanalmente (al menos una vez a la semana);92,0
Total personas (16 a 74 a?os);Total Nacional;05 Canarias;Han usado Internet diariamente (al menos 5 d?as a la semana);85
Total personas (16 a 74 a?os);Total Nacional;05 Canarias;Han utilizado internet varias veces al d?a;82,4
Total personas (16 a 74 a?os);Total Nacional;06 Cantabria;Total;438.965
Total personas (16 a 74 a?os);Total Nacional;06 Cantabria;Han utilizado Internet alguna vez;93,9
Total personas (16 a 74 a?os);Total Nacional;06 Cantabria;Han utilizado Internet en los ?ltimos 12 meses;92,8
Total personas (16 a 74 a?os);Total Nacional;06 Cantabria;Han utilizado Internet en los ?ltimos 3 meses;92,2
Total personas (16 a 74 a?os);Total Nacional;06 Cantabria;Han utilizado internet semanalmente (al menos una vez a la semana);91,1
Total personas (16 a 74 a?os);Total Nacional;06 Cantabria;Han usado Internet diariamente (al menos 5 d?as a la semana);84
Total personas (16 a 74 a?os);Total Nacional;06 Cantabria;Han utilizado internet varias veces al d?a;81,2
Total personas (16 a 74 a?os);Total Nacional;07 Castilla y Le?n;Total;1.729.994
Total personas (16 a 74 a?os);Total Nacional;07 Castilla y Le?n;Han utilizado Internet alguna vez;94,2
Total personas (16 a 74 a?os);Total Nacional;07 Castilla y Le?n;Han utilizado Internet en los ?ltimos 12 meses;93,3
Total personas (16 a 74 a?os);Total Nacional;07 Castilla y Le?n;Han utilizado Internet en los ?ltimos 3 meses;92,9
Total personas (16 a 74 a?os);Total Nacional;07 Castilla y Le?n;Han utilizado internet semanalmente (al menos una vez a la semana);91,2
Total personas (16 a 74 a?os);Total Nacional;07 Castilla y Le?n;Han usado Internet diariamente (al menos 5 d?as a la semana);85
Total personas (16 a 74 a?os);Total Nacional;07 Castilla y Le?n;Han utilizado internet varias veces al d?a;80,9
Total personas (16 a 74 a?os);Total Nacional;08 Castilla - La Mancha;Total;1.524.173
Total personas (16 a 74 a?os);Total Nacional;08 Castilla - La Mancha;Han utilizado Internet alguna vez;93,6
Total personas (16 a 74 a?os);Total Nacional;08 Castilla - La Mancha;Han utilizado Internet en los ?ltimos 12 meses;92,9
Total personas (16 a 74 a?os);Total Nacional;08 Castilla - La Mancha;Han utilizado Internet en los ?ltimos 3 meses;92,3
Total personas (16 a 74 a?os);Total Nacional;08 Castilla - La Mancha;Han utilizado internet semanalmente (al menos una vez a la semana);91,4
Total personas (16 a 74 a?os);Total Nacional;08 Castilla - La Mancha;Han usado Internet diariamente (al menos 5 d?as a la semana);84
Total personas (16 a 74 a?os);Total Nacional;08 Castilla - La Mancha;Han utilizado internet varias veces al d?a;80,0
Total personas (16 a 74 a?os);Total Nacional;09 Catalu?a;Total;5.680.318
Total personas (16 a 74 a?os);Total Nacional;09 Catalu?a;Han utilizado Internet alguna vez;96,8
Total personas (16 a 74 a?os);Total Nacional;09 Catalu?a;Han utilizado Internet en los ?ltimos 12 meses;96,3
Total personas (16 a 74 a?os);Total Nacional;09 Catalu?a;Han utilizado Internet en los ?ltimos 3 meses;95,7
Total personas (16 a 74 a?os);Total Nacional;09 Catalu?a;Han utilizado internet semanalmente (al menos una vez a la semana);93,7
Total personas (16 a 74 a?os);Total Nacional;09 Catalu?a;Han usado Internet diariamente (al menos 5 d?as a la semana);88
Total personas (16 a 74 a?os);Total Nacional;09 Catalu?a;Han utilizado internet varias veces al d?a;86,0
Total personas (16 a 74 a?os);Total Nacional;10 Comunitat Valenciana;Total;3.810.712
Total personas (16 a 74 a?os);Total Nacional;10 Comunitat Valenciana;Han utilizado Internet alguna vez;96,4
Total personas (16 a 74 a?os);Total Nacional;10 Comunitat Valenciana;Han utilizado Internet en los ?ltimos 12 meses;95,6
Total personas (16 a 74 a?os);Total Nacional;10 Comunitat Valenciana;Han utilizado Internet en los ?ltimos 3 meses;95,4
Total personas (16 a 74 a?os);Total Nacional;10 Comunitat Valenciana;Han utilizado internet semanalmente (al menos una vez a la semana);94,0
Total personas (16 a 74 a?os);Total Nacional;10 Comunitat Valenciana;Han usado Internet diariamente (al menos 5 d?as a la semana);89
Total personas (16 a 74 a?os);Total Nacional;10 Comunitat Valenciana;Han utilizado internet varias veces al d?a;85,5
Total personas (16 a 74 a?os);Total Nacional;11 Extremadura;Total;783.592
Total personas (16 a 74 a?os);Total Nacional;11 Extremadura;Han utilizado Internet alguna vez;92,5
Total personas (16 a 74 a?os);Total Nacional;11 Extremadura;Han utilizado Internet en los ?ltimos 12 meses;92,0
Total personas (16 a 74 a?os);Total Nacional;11 Extremadura;Han utilizado Internet en los ?ltimos 3 meses;91,9
Total personas (16 a 74 a?os);Total Nacional;11 Extremadura;Han utilizado internet semanalmente (al menos una vez a la semana);90,7
Total personas (16 a 74 a?os);Total Nacional;11 Extremadura;Han usado Internet diariamente (al menos 5 d?as a la semana);83
Total personas (16 a 74 a?os);Total Nacional;11 Extremadura;Han utilizado internet varias veces al d?a;80,3
Total personas (16 a 74 a?os);Total Nacional;12 Galicia;Total;1.977.908
Total personas (16 a 74 a?os);Total Nacional;12 Galicia;Han utilizado Internet alguna vez;92,5
Total personas (16 a 74 a?os);Total Nacional;12 Galicia;Han utilizado Internet en los ?ltimos 12 meses;91,9
Total personas (16 a 74 a?os);Total Nacional;12 Galicia;Han utilizado Internet en los ?ltimos 3 meses;91,7
Total personas (16 a 74 a?os);Total Nacional;12 Galicia;Han utilizado internet semanalmente (al menos una vez a la semana);89,4
Total personas (16 a 74 a?os);Total Nacional;12 Galicia;Han usado Internet diariamente (al menos 5 d?as a la semana);82
Total personas (16 a 74 a?os);Total Nacional;12 Galicia;Han utilizado internet varias veces al d?a;79,5
Total personas (16 a 74 a?os);Total Nacional;13 Madrid, Comunidad de;Total;5.082.634
Total personas (16 a 74 a?os);Total Nacional;13 Madrid, Comunidad de;Han utilizado Internet alguna vez;97,7
Total personas (16 a 74 a?os);Total Nacional;13 Madrid, Comunidad de;Han utilizado Internet en los ?ltimos 12 meses;97,2
Total personas (16 a 74 a?os);Total Nacional;13 Madrid, Comunidad de;Han utilizado Internet en los ?ltimos 3 meses;96,9
Total personas (16 a 74 a?os);Total Nacional;13 Madrid, Comunidad de;Han utilizado internet semanalmente (al menos una vez a la semana);95,8
Total personas (16 a 74 a?os);Total Nacional;13 Madrid, Comunidad de;Han usado Internet diariamente (al menos 5 d?as a la semana);90
Total personas (16 a 74 a?os);Total Nacional;13 Madrid, Comunidad de;Han utilizado internet varias veces al d?a;87,6
Total personas (16 a 74 a?os);Total Nacional;14 Murcia, Regi?n de;Total;1.138.229
Total personas (16 a 74 a?os);Total Nacional;14 Murcia, Regi?n de;Han utilizado Internet alguna vez;94,8
Total personas (16 a 74 a?os);Total Nacional;14 Murcia, Regi?n de;Han utilizado Internet en los ?ltimos 12 meses;94,6
Total personas (16 a 74 a?os);Total Nacional;14 Murcia, Regi?n de;Han utilizado Internet en los ?ltimos 3 meses;93,5
Total personas (16 a 74 a?os);Total Nacional;14 Murcia, Regi?n de;Han utilizado internet semanalmente (al menos una vez a la semana);92,3
Total personas (16 a 74 a?os);Total Nacional;14 Murcia, Regi?n de;Han usado Internet diariamente (al menos 5 d?as a la semana);86
Total personas (16 a 74 a?os);Total Nacional;14 Murcia, Regi?n de;Han utilizado internet varias veces al d?a;79,4
Total personas (16 a 74 a?os);Total Nacional;15 Navarra, Comunidad Foral de;Total;483.774
Total personas (16 a 74 a?os);Total Nacional;15 Navarra, Comunidad Foral de;Han utilizado Internet alguna vez;96,2
Total personas (16 a 74 a?os);Total Nacional;15 Navarra, Comunidad Foral de;Han utilizado Internet en los ?ltimos 12 meses;95,6
Total personas (16 a 74 a?os);Total Nacional;15 Navarra, Comunidad Foral de;Han utilizado Internet en los ?ltimos 3 meses;95,4
Total personas (16 a 74 a?os);Total Nacional;15 Navarra, Comunidad Foral de;Han utilizado internet semanalmente (al menos una vez a la semana);93,9
Total personas (16 a 74 a?os);Total Nacional;15 Navarra, Comunidad Foral de;Han usado Internet diariamente (al menos 5 d?as a la semana);88
Total personas (16 a 74 a?os);Total Nacional;15 Navarra, Comunidad Foral de;Han utilizado internet varias veces al d?a;83,5
Total personas (16 a 74 a?os);Total Nacional;16 Pa?s Vasco;Total;1.597.629
Total personas (16 a 74 a?os);Total Nacional;16 Pa?s Vasco;Han utilizado Internet alguna vez;96,6
Total personas (16 a 74 a?os);Total Nacional;16 Pa?s Vasco;Han utilizado Internet en los ?ltimos 12 meses;95,7
Total personas (16 a 74 a?os);Total Nacional;16 Pa?s Vasco;Han utilizado Internet en los ?ltimos 3 meses;95,3
Total personas (16 a 74 a?os);Total Nacional;16 Pa?s Vasco;Han utilizado internet semanalmente (al menos una vez a la semana);94,1
Total personas (16 a 74 a?os);Total Nacional;16 Pa?s Vasco;Han usado Internet diariamente (al menos 5 d?as a la semana);88
Total personas (16 a 74 a?os);Total Nacional;16 Pa?s Vasco;Han utilizado internet varias veces al d?a;84,7
Total personas (16 a 74 a?os);Total Nacional;17 Rioja, La;Total;232.393
Total personas (16 a 74 a?os);Total Nacional;17 Rioja, La;Han utilizado Internet alguna vez;95,2
Total personas (16 a 74 a?os);Total Nacional;17 Rioja, La;Han utilizado Internet en los ?ltimos 12 meses;94,3
Total personas (16 a 74 a?os);Total Nacional;17 Rioja, La;Han utilizado Internet en los ?ltimos 3 meses;93,4
Total personas (16 a 74 a?os);Total Nacional;17 Rioja, La;Han utilizado internet semanalmente (al menos una vez a la semana);90,7
Total personas (16 a 74 a?os);Total Nacional;17 Rioja, La;Han usado Internet diariamente (al menos 5 d?as a la semana);84
Total personas (16 a 74 a?os);Total Nacional;17 Rioja, La;Han utilizado internet varias veces al d?a;80,8
Total personas (16 a 74 a?os);Total Nacional;18 Ceuta;Total;57.887
Total personas (16 a 74 a?os);Total Nacional;18 Ceuta;Han utilizado Internet alguna vez;97,8
Total personas (16 a 74 a?os);Total Nacional;18 Ceuta;Han utilizado Internet en los ?ltimos 12 meses;96,3
Total personas (16 a 74 a?os);Total Nacional;18 Ceuta;Han utilizado Internet en los ?ltimos 3 meses;94,3
Total personas (16 a 74 a?os);Total Nacional;18 Ceuta;Han utilizado internet semanalmente (al menos una vez a la semana);93,4
Total personas (16 a 74 a?os);Total Nacional;18 Ceuta;Han usado Internet diariamente (al menos 5 d?as a la semana);89
Total personas (16 a 74 a?os);Total Nacional;18 Ceuta;Han utilizado internet varias veces al d?a;87,0
Total personas (16 a 74 a?os);Total Nacional;19 Melilla;Total;61.208
Total personas (16 a 74 a?os);Total Nacional;19 Melilla;Han utilizado Internet alguna vez;99,0
Total personas (16 a 74 a?os);Total Nacional;19 Melilla;Han utilizado Internet en los ?ltimos 12 meses;99,0
Total personas (16 a 74 a?os);Total Nacional;19 Melilla;Han utilizado Internet en los ?ltimos 3 meses;99,0
Total personas (16 a 74 a?os);Total Nacional;19 Melilla;Han utilizado internet semanalmente (al menos una vez a la semana);99,0
Total personas (16 a 74 a?os);Total Nacional;19 Melilla;Han usado Internet diariamente (al menos 5 d?as a la semana);93
Total personas (16 a 74 a?os);Total Nacional;19 Melilla;Han utilizado internet varias veces al d?a;91,7
Usuarios de Internet en los ?ltimos 12 meses;Total Nacional;;Total;33.632.763
Usuarios de Internet en los ?ltimos 12 meses;Total Nacional;;Han utilizado Internet alguna vez;..
Usuarios de Internet en los ?ltimos 12 meses;Total Nacional;;Han utilizado Internet en los ?ltimos 12 meses;100,0
Usuarios de Internet en los ?ltimos 12 meses;Total Nacional;;Han utilizado Internet en los ?ltimos 3 meses;99,6
Usuarios de Internet en los ?ltimos 12 meses;Total Nacional;;Han utilizado internet semanalmente (al menos una vez a la semana);97,9
Usuarios de Internet en los ?ltimos 12 meses;Total Nacional;;Han usado Internet diariamente (al menos 5 d?as a la semana);92
Usuarios de Internet en los ?ltimos 12 meses;Total Nacional;;Han utilizado internet varias veces al d?a;88,7
Usuarios de Internet en los ?ltimos 12 meses;Total Nacional;01 Andaluc?a;Total;5.996.999
Usuarios de Internet en los ?ltimos 12 meses;Total Nacional;01 Andaluc?a;Han utilizado Internet alguna vez;..
Usuarios de Internet en los ?ltimos 12 meses;Total Nacional;01 Andaluc?a;Han utilizado Internet en los ?ltimos 12 meses;100,0
Usuarios de Internet en los ?ltimos 12 meses;Total Nacional;01 Andaluc?a;Han utilizado Internet en los ?ltimos 3 meses;99,5
Usuarios de Internet en los ?ltimos 12 meses;Total Nacional;01 Andaluc?a;Han utilizado internet semanalmente (al menos una vez a la semana);97,7
Usuarios de Internet en los ?ltimos 12 meses;Total Nacional;01 Andaluc?a;Han usado Internet diariamente (al menos 5 d?as a la semana);93
Usuarios de Internet en los ?ltimos 12 meses;Total Nacional;01 Andaluc?a;Han utilizado internet varias veces al d?a;90,4
Usuarios de Internet en los ?ltimos 12 meses;Total Nacional;02 Arag?n;Total;907.302
Usuarios de Internet en los ?ltimos 12 meses;Total Nacional;02 Arag?n;Han utilizado Internet alguna vez;..
Usuarios de Internet en los ?ltimos 12 meses;Total Nacional;02 Arag?n;Han utilizado Internet en los ?ltimos 12 meses;100,0
Usuarios de Internet en los ?ltimos 12 meses;Total Nacional;02 Arag?n;Han utilizado Internet en los ?ltimos 3 meses;99,7
Usuarios de Internet en los ?ltimos 12 meses;Total Nacional;02 Arag?n;Han utilizado internet semanalmente (al menos una vez a la semana);98,0
Usuarios de Internet en los ?ltimos 12 meses;Total Nacional;02 Arag?n;Han usado Internet diariamente (al menos 5 d?as a la semana);93
Usuarios de Internet en los ?ltimos 12 meses;Total Nacional;02 Arag?n;Han utilizado internet varias veces al d?a;89,9
Usuarios de Internet en los ?ltimos 12 meses;Total Nacional;03 Asturias, Principado de;Total;702.645
Usuarios de Internet en los ?ltimos 12 meses;Total Nacional;03 Asturias, Principado de;Han utilizado Internet alguna vez;..
Usuarios de Internet en los ?ltimos 12 meses;Total Nacional;03 Asturias, Principado de;Han utilizado Internet en los ?ltimos 12 meses;100,0
Usuarios de Internet en los ?ltimos 12 meses;Total Nacional;03 Asturias, Principado de;Han utilizado Internet en los ?ltimos 3 meses;98,8
Usuarios de Internet en los ?ltimos 12 meses;Total Nacional;03 Asturias, Principado de;Han utilizado internet semanalmente (al menos una vez a la semana);97,1
Usuarios de Internet en los ?ltimos 12 meses;Total Nacional;03 Asturias, Principado de;Han usado Internet diariamente (al menos 5 d?as a la semana);90
Usuarios de Internet en los ?ltimos 12 meses;Total Nacional;03 Asturias, Principado de;Han utilizado internet varias veces al d?a;85,1
Usuarios de Internet en los ?ltimos 12 meses;Total Nacional;04 Balears, Illes;Total;916.231
Usuarios de Internet en los ?ltimos 12 meses;Total Nacional;04 Balears, Illes;Han utilizado Internet alguna vez;..
Usuarios de Internet en los ?ltimos 12 meses;Total Nacional;04 Balears, Illes;Han utilizado Internet en los ?ltimos 12 meses;100,0
Usuarios de Internet en los ?ltimos 12 meses;Total Nacional;04 Balears, Illes;Han utilizado Internet en los ?ltimos 3 meses;100,0
Usuarios de Internet en los ?ltimos 12 meses;Total Nacional;04 Balears, Illes;Han utilizado internet semanalmente (al menos una vez a la semana);99,2
Usuarios de Internet en los ?ltimos 12 meses;Total Nacional;04 Balears, Illes;Han usado Internet diariamente (al menos 5 d?as a la semana);94
Usuarios de Internet en los ?ltimos 12 meses;Total Nacional;04 Balears, Illes;Han utilizado internet varias veces al d?a;89,2
Usuarios de Internet en los ?ltimos 12 meses;Total Nacional;05 Canarias;Total;1.678.207
Usuarios de Internet en los ?ltimos 12 meses;Total Nacional;05 Canarias;Han utilizado Internet alguna vez;..
Usuarios de Internet en los ?ltimos 12 meses;Total Nacional;05 Canarias;Han utilizado Internet en los ?ltimos 12 meses;100,0
Usuarios de Internet en los ?ltimos 12 meses;Total Nacional;05 Canarias;Han utilizado Internet en los ?ltimos 3 meses;99,5
Usuarios de Internet en los ?ltimos 12 meses;Total Nacional;05 Canarias;Han utilizado internet semanalmente (al menos una vez a la semana);97,5
Usuarios de Internet en los ?ltimos 12 meses;Total Nacional;05 Canarias;Han usado Internet diariamente (al menos 5 d?as a la semana);90
Usuarios de Internet en los ?ltimos 12 meses;Total Nacional;05 Canarias;Han utilizado internet varias veces al d?a;87,3
Usuarios de Internet en los ?ltimos 12 meses;Total Nacional;06 Cantabria;Total;407.310
Usuarios de Internet en los ?ltimos 12 meses;Total Nacional;06 Cantabria;Han utilizado Internet alguna vez;..
Usuarios de Internet en los ?ltimos 12 meses;Total Nacional;06 Cantabria;Han utilizado Internet en los ?ltimos 12 meses;100,0
Usuarios de Internet en los ?ltimos 12 meses;Total Nacional;06 Cantabria;Han utilizado Internet en los ?ltimos 3 meses;99,4
Usuarios de Internet en los ?ltimos 12 meses;Total Nacional;06 Cantabria;Han utilizado internet semanalmente (al menos una vez a la semana);98,2
Usuarios de Internet en los ?ltimos 12 meses;Total Nacional;06 Cantabria;Han usado Internet diariamente (al menos 5 d?as a la semana);91
Usuarios de Internet en los ?ltimos 12 meses;Total Nacional;06 Cantabria;Han utilizado internet varias veces al d?a;87,5
Usuarios de Internet en los ?ltimos 12 meses;Total Nacional;07 Castilla y Le?n;Total;1.614.485
Usuarios de Internet en los ?ltimos 12 meses;Total Nacional;07 Castilla y Le?n;Han utilizado Internet alguna vez;..
Usuarios de Internet en los ?ltimos 12 meses;Total Nacional;07 Castilla y Le?n;Han utilizado Internet en los ?ltimos 12 meses;100,0
Usuarios de Internet en los ?ltimos 12 meses;Total Nacional;07 Castilla y Le?n;Han utilizado Internet en los ?ltimos 3 meses;99,5
Usuarios de Internet en los ?ltimos 12 meses;Total Nacional;07 Castilla y Le?n;Han utilizado internet semanalmente (al menos una vez a la semana);97,7
Usuarios de Internet en los ?ltimos 12 meses;Total Nacional;07 Castilla y Le?n;Han usado Internet diariamente (al menos 5 d?as a la semana);91
Usuarios de Internet en los ?ltimos 12 meses;Total Nacional;07 Castilla y Le?n;Han utilizado internet varias veces al d?a;86,7
Usuarios de Internet en los ?ltimos 12 meses;Total Nacional;08 Castilla - La Mancha;Total;1.415.822
Usuarios de Internet en los ?ltimos 12 meses;Total Nacional;08 Castilla - La Mancha;Han utilizado Internet alguna vez;..
Usuarios de Internet en los ?ltimos 12 meses;Total Nacional;08 Castilla - La Mancha;Han utilizado Internet en los ?ltimos 12 meses;100,0
Usuarios de Internet en los ?ltimos 12 meses;Total Nacional;08 Castilla - La Mancha;Han utilizado Internet en los ?ltimos 3 meses;99,4
Usuarios de Internet en los ?ltimos 12 meses;Total Nacional;08 Castilla - La Mancha;Han utilizado internet semanalmente (al menos una vez a la semana);98,4
Usuarios de Internet en los ?ltimos 12 meses;Total Nacional;08 Castilla - La Mancha;Han usado Internet diariamente (al menos 5 d?as a la semana);91
Usuarios de Internet en los ?ltimos 12 meses;Total Nacional;08 Castilla - La Mancha;Han utilizado internet varias veces al d?a;86,1
Usuarios de Internet en los ?ltimos 12 meses;Total Nacional;09 Catalu?a;Total;5.469.219
Usuarios de Internet en los ?ltimos 12 meses;Total Nacional;09 Catalu?a;Han utilizado Internet alguna vez;..
Usuarios de Internet en los ?ltimos 12 meses;Total Nacional;09 Catalu?a;Han utilizado Internet en los ?ltimos 12 meses;100,0
Usuarios de Internet en los ?ltimos 12 meses;Total Nacional;09 Catalu?a;Han utilizado Internet en los ?ltimos 3 meses;99,4
Usuarios de Internet en los ?ltimos 12 meses;Total Nacional;09 Catalu?a;Han utilizado internet semanalmente (al menos una vez a la semana);97,3
Usuarios de Internet en los ?ltimos 12 meses;Total Nacional;09 Catalu?a;Han usado Internet diariamente (al menos 5 d?as a la semana);92
Usuarios de Internet en los ?ltimos 12 meses;Total Nacional;09 Catalu?a;Han utilizado internet varias veces al d?a;89,4
Usuarios de Internet en los ?ltimos 12 meses;Total Nacional;10 Comunitat Valenciana;Total;3.643.250
Usuarios de Internet en los ?ltimos 12 meses;Total Nacional;10 Comunitat Valenciana;Han utilizado Internet alguna vez;..
Usuarios de Internet en los ?ltimos 12 meses;Total Nacional;10 Comunitat Valenciana;Han utilizado Internet en los ?ltimos 12 meses;100,0
Usuarios de Internet en los ?ltimos 12 meses;Total Nacional;10 Comunitat Valenciana;Han utilizado Internet en los ?ltimos 3 meses;99,8
Usuarios de Internet en los ?ltimos 12 meses;Total Nacional;10 Comunitat Valenciana;Han utilizado internet semanalmente (al menos una vez a la semana);98,3
Usuarios de Internet en los ?ltimos 12 meses;Total Nacional;10 Comunitat Valenciana;Han usado Internet diariamente (al menos 5 d?as a la semana);93
Usuarios de Internet en los ?ltimos 12 meses;Total Nacional;10 Comunitat Valenciana;Han utilizado internet varias veces al d?a;89,4
Usuarios de Internet en los ?ltimos 12 meses;Total Nacional;11 Extremadura;Total;720.793
Usuarios de Internet en los ?ltimos 12 meses;Total Nacional;11 Extremadura;Han utilizado Internet alguna vez;..
Usuarios de Internet en los ?ltimos 12 meses;Total Nacional;11 Extremadura;Han utilizado Internet en los ?ltimos 12 meses;100,0
Usuarios de Internet en los ?ltimos 12 meses;Total Nacional;11 Extremadura;Han utilizado Internet en los ?ltimos 3 meses;99,9
Usuarios de Internet en los ?ltimos 12 meses;Total Nacional;11 Extremadura;Han utilizado internet semanalmente (al menos una vez a la semana);98,6
Usuarios de Internet en los ?ltimos 12 meses;Total Nacional;11 Extremadura;Han usado Internet diariamente (al menos 5 d?as a la semana);90
Usuarios de Internet en los ?ltimos 12 meses;Total Nacional;11 Extremadura;Han utilizado internet varias veces al d?a;87,3
Usuarios de Internet en los ?ltimos 12 meses;Total Nacional;12 Galicia;Total;1.817.176
Usuarios de Internet en los ?ltimos 12 meses;Total Nacional;12 Galicia;Han utilizado Internet alguna vez;..
Usuarios de Internet en los ?ltimos 12 meses;Total Nacional;12 Galicia;Han utilizado Internet en los ?ltimos 12 meses;100,0
Usuarios de Internet en los ?ltimos 12 meses;Total Nacional;12 Galicia;Han utilizado Internet en los ?ltimos 3 meses;99,8
Usuarios de Internet en los ?ltimos 12 meses;Total Nacional;12 Galicia;Han utilizado internet semanalmente (al menos una vez a la semana);97,3
Usuarios de Internet en los ?ltimos 12 meses;Total Nacional;12 Galicia;Han usado Internet diariamente (al menos 5 d?as a la semana);89
Usuarios de Internet en los ?ltimos 12 meses;Total Nacional;12 Galicia;Han utilizado internet varias veces al d?a;86,5
Usuarios de Internet en los ?ltimos 12 meses;Total Nacional;13 Madrid, Comunidad de;Total;4.939.273
Usuarios de Internet en los ?ltimos 12 meses;Total Nacional;13 Madrid, Comunidad de;Han utilizado Internet alguna vez;..
Usuarios de Internet en los ?ltimos 12 meses;Total Nacional;13 Madrid, Comunidad de;Han utilizado Internet en los ?ltimos 12 meses;100,0
Usuarios de Internet en los ?ltimos 12 meses;Total Nacional;13 Madrid, Comunidad de;Han utilizado Internet en los ?ltimos 3 meses;99,7
Usuarios de Internet en los ?ltimos 12 meses;Total Nacional;13 Madrid, Comunidad de;Han utilizado internet semanalmente (al menos una vez a la semana);98,6
Usuarios de Internet en los ?ltimos 12 meses;Total Nacional;13 Madrid, Comunidad de;Han usado Internet diariamente (al menos 5 d?as a la semana);93
Usuarios de Internet en los ?ltimos 12 meses;Total Nacional;13 Madrid, Comunidad de;Han utilizado internet varias veces al d?a;90,1
Usuarios de Internet en los ?ltimos 12 meses;Total Nacional;14 Murcia, Regi?n de;Total;1.076.399
Usuarios de Internet en los ?ltimos 12 meses;Total Nacional;14 Murcia, Regi?n de;Han utilizado Internet alguna vez;..
Usuarios de Internet en los ?ltimos 12 meses;Total Nacional;14 Murcia, Regi?n de;Han utilizado Internet en los ?ltimos 12 meses;100,0
Usuarios de Internet en los ?ltimos 12 meses;Total Nacional;14 Murcia, Regi?n de;Han utilizado Internet en los ?ltimos 3 meses;98,8
Usuarios de Internet en los ?ltimos 12 meses;Total Nacional;14 Murcia, Regi?n de;Han utilizado internet semanalmente (al menos una vez a la semana);97,6
Usuarios de Internet en los ?ltimos 12 meses;Total Nacional;14 Murcia, Regi?n de;Han usado Internet diariamente (al menos 5 d?as a la semana);91
Usuarios de Internet en los ?ltimos 12 meses;Total Nacional;14 Murcia, Regi?n de;Han utilizado internet varias veces al d?a;84,0
Usuarios de Internet en los ?ltimos 12 meses;Total Nacional;15 Navarra, Comunidad Foral de;Total;462.648
Usuarios de Internet en los ?ltimos 12 meses;Total Nacional;15 Navarra, Comunidad Foral de;Han utilizado Internet alguna vez;..
Usuarios de Internet en los ?ltimos 12 meses;Total Nacional;15 Navarra, Comunidad Foral de;Han utilizado Internet en los ?ltimos 12 meses;100,0
Usuarios de Internet en los ?ltimos 12 meses;Total Nacional;15 Navarra, Comunidad Foral de;Han utilizado Internet en los ?ltimos 3 meses;99,7
Usuarios de Internet en los ?ltimos 12 meses;Total Nacional;15 Navarra, Comunidad Foral de;Han utilizado internet semanalmente (al menos una vez a la semana);98,2
Usuarios de Internet en los ?ltimos 12 meses;Total Nacional;15 Navarra, Comunidad Foral de;Han usado Internet diariamente (al menos 5 d?as a la semana);92
Usuarios de Internet en los ?ltimos 12 meses;Total Nacional;15 Navarra, Comunidad Foral de;Han utilizado internet varias veces al d?a;87,3
Usuarios de Internet en los ?ltimos 12 meses;Total Nacional;16 Pa?s Vasco;Total;1.529.599
Usuarios de Internet en los ?ltimos 12 meses;Total Nacional;16 Pa?s Vasco;Han utilizado Internet alguna vez;..
Usuarios de Internet en los ?ltimos 12 meses;Total Nacional;16 Pa?s Vasco;Han utilizado Internet en los ?ltimos 12 meses;100,0
Usuarios de Internet en los ?ltimos 12 meses;Total Nacional;16 Pa?s Vasco;Han utilizado Internet en los ?ltimos 3 meses;99,6
Usuarios de Internet en los ?ltimos 12 meses;Total Nacional;16 Pa?s Vasco;Han utilizado internet semanalmente (al menos una vez a la semana);98,3
Usuarios de Internet en los ?ltimos 12 meses;Total Nacional;16 Pa?s Vasco;Han usado Internet diariamente (al menos 5 d?as a la semana);92
Usuarios de Internet en los ?ltimos 12 meses;Total Nacional;16 Pa?s Vasco;Han utilizado internet varias veces al d?a;88,5
Usuarios de Internet en los ?ltimos 12 meses;Total Nacional;17 Rioja, La;Total;219.048
Usuarios de Internet en los ?ltimos 12 meses;Total Nacional;17 Rioja, La;Han utilizado Internet alguna vez;..
Usuarios de Internet en los ?ltimos 12 meses;Total Nacional;17 Rioja, La;Han utilizado Internet en los ?ltimos 12 meses;100,0
Usuarios de Internet en los ?ltimos 12 meses;Total Nacional;17 Rioja, La;Han utilizado Internet en los ?ltimos 3 meses;99,1
Usuarios de Internet en los ?ltimos 12 meses;Total Nacional;17 Rioja, La;Han utilizado internet semanalmente (al menos una vez a la semana);96,2
Usuarios de Internet en los ?ltimos 12 meses;Total Nacional;17 Rioja, La;Han usado Internet diariamente (al menos 5 d?as a la semana);90
Usuarios de Internet en los ?ltimos 12 meses;Total Nacional;17 Rioja, La;Han utilizado internet varias veces al d?a;85,7
Usuarios de Internet en los ?ltimos 12 meses;Total Nacional;18 Ceuta;Total;55.768
Usuarios de Internet en los ?ltimos 12 meses;Total Nacional;18 Ceuta;Han utilizado Internet alguna vez;..
Usuarios de Internet en los ?ltimos 12 meses;Total Nacional;18 Ceuta;Han utilizado Internet en los ?ltimos 12 meses;100,0
Usuarios de Internet en los ?ltimos 12 meses;Total Nacional;18 Ceuta;Han utilizado Internet en los ?ltimos 3 meses;97,9
Usuarios de Internet en los ?ltimos 12 meses;Total Nacional;18 Ceuta;Han utilizado internet semanalmente (al menos una vez a la semana);96,9
Usuarios de Internet en los ?ltimos 12 meses;Total Nacional;18 Ceuta;Han usado Internet diariamente (al menos 5 d?as a la semana);92
Usuarios de Internet en los ?ltimos 12 meses;Total Nacional;18 Ceuta;Han utilizado internet varias veces al d?a;90,3
Usuarios de Internet en los ?ltimos 12 meses;Total Nacional;19 Melilla;Total;60.588
Usuarios de Internet en los ?ltimos 12 meses;Total Nacional;19 Melilla;Han utilizado Internet alguna vez;..
Usuarios de Internet en los ?ltimos 12 meses;Total Nacional;19 Melilla;Han utilizado Internet en los ?ltimos 12 meses;100,0
Usuarios de Internet en los ?ltimos 12 meses;Total Nacional;19 Melilla;Han utilizado Internet en los ?ltimos 3 meses;100,0
Usuarios de Internet en los ?ltimos 12 meses;Total Nacional;19 Melilla;Han utilizado internet semanalmente (al menos una vez a la semana);100,0
Usuarios de Internet en los ?ltimos 12 meses;Total Nacional;19 Melilla;Han usado Internet diariamente (al menos 5 d?as a la semana);93
Usuarios de Internet en los ?ltimos 12 meses;Total Nacional;19 Melilla;Han utilizado internet varias veces al d?a;92,6
Usuarios de Internet en los ?ltimos 3 meses;Total Nacional;;Total;33.481.950
Usuarios de Internet en los ?ltimos 3 meses;Total Nacional;;Han utilizado Internet alguna vez;..
Usuarios de Internet en los ?ltimos 3 meses;Total Nacional;;Han utilizado Internet en los ?ltimos 12 meses;..
Usuarios de Internet en los ?ltimos 3 meses;Total Nacional;;Han utilizado Internet en los ?ltimos 3 meses;100,0
Usuarios de Internet en los ?ltimos 3 meses;Total Nacional;;Han utilizado internet semanalmente (al menos una vez a la semana);98,4
Usuarios de Internet en los ?ltimos 3 meses;Total Nacional;;Han usado Internet diariamente (al menos 5 d?as a la semana);92
Usuarios de Internet en los ?ltimos 3 meses;Total Nacional;;Han utilizado internet varias veces al d?a;89,1
Usuarios de Internet en los ?ltimos 3 meses;Total Nacional;01 Andaluc?a;Total;5.966.316
Usuarios de Internet en los ?ltimos 3 meses;Total Nacional;01 Andaluc?a;Han utilizado Internet alguna vez;..
Usuarios de Internet en los ?ltimos 3 meses;Total Nacional;01 Andaluc?a;Han utilizado Internet en los ?ltimos 12 meses;..
Usuarios de Internet en los ?ltimos 3 meses;Total Nacional;01 Andaluc?a;Han utilizado Internet en los ?ltimos 3 meses;100,0
Usuarios de Internet en los ?ltimos 3 meses;Total Nacional;01 Andaluc?a;Han utilizado internet semanalmente (al menos una vez a la semana);98,2
Usuarios de Internet en los ?ltimos 3 meses;Total Nacional;01 Andaluc?a;Han usado Internet diariamente (al menos 5 d?as a la semana);93
Usuarios de Internet en los ?ltimos 3 meses;Total Nacional;01 Andaluc?a;Han utilizado internet varias veces al d?a;90,8
Usuarios de Internet en los ?ltimos 3 meses;Total Nacional;02 Arag?n;Total;904.834
Usuarios de Internet en los ?ltimos 3 meses;Total Nacional;02 Arag?n;Han utilizado Internet alguna vez;..
Usuarios de Internet en los ?ltimos 3 meses;Total Nacional;02 Arag?n;Han utilizado Internet en los ?ltimos 12 meses;..
Usuarios de Internet en los ?ltimos 3 meses;Total Nacional;02 Arag?n;Han utilizado Internet en los ?ltimos 3 meses;100,0
Usuarios de Internet en los ?ltimos 3 meses;Total Nacional;02 Arag?n;Han utilizado internet semanalmente (al menos una vez a la semana);98,2
Usuarios de Internet en los ?ltimos 3 meses;Total Nacional;02 Arag?n;Han usado Internet diariamente (al menos 5 d?as a la semana);93
Usuarios de Internet en los ?ltimos 3 meses;Total Nacional;02 Arag?n;Han utilizado internet varias veces al d?a;90,1
Usuarios de Internet en los ?ltimos 3 meses;Total Nacional;03 Asturias, Principado de;Total;694.173
Usuarios de Internet en los ?ltimos 3 meses;Total Nacional;03 Asturias, Principado de;Han utilizado Internet alguna vez;..
Usuarios de Internet en los ?ltimos 3 meses;Total Nacional;03 Asturias, Principado de;Han utilizado Internet en los ?ltimos 12 meses;..
Usuarios de Internet en los ?ltimos 3 meses;Total Nacional;03 Asturias, Principado de;Han utilizado Internet en los ?ltimos 3 meses;100,0
Usuarios de Internet en los ?ltimos 3 meses;Total Nacional;03 Asturias, Principado de;Han utilizado internet semanalmente (al menos una vez a la semana);98,2
Usuarios de Internet en los ?ltimos 3 meses;Total Nacional;03 Asturias, Principado de;Han usado Internet diariamente (al menos 5 d?as a la semana);91
Usuarios de Internet en los ?ltimos 3 meses;Total Nacional;03 Asturias, Principado de;Han utilizado internet varias veces al d?a;86,2
Usuarios de Internet en los ?ltimos 3 meses;Total Nacional;04 Balears, Illes;Total;916.231
Usuarios de Internet en los ?ltimos 3 meses;Total Nacional;04 Balears, Illes;Han utilizado Internet alguna vez;..
Usuarios de Internet en los ?ltimos 3 meses;Total Nacional;04 Balears, Illes;Han utilizado Internet en los ?ltimos 12 meses;..
Usuarios de Internet en los ?ltimos 3 meses;Total Nacional;04 Balears, Illes;Han utilizado Internet en los ?ltimos 3 meses;100,0
Usuarios de Internet en los ?ltimos 3 meses;Total Nacional;04 Balears, Illes;Han utilizado internet semanalmente (al menos una vez a la semana);99,2
Usuarios de Internet en los ?ltimos 3 meses;Total Nacional;04 Balears, Illes;Han usado Internet diariamente (al menos 5 d?as a la semana);94
Usuarios de Internet en los ?ltimos 3 meses;Total Nacional;04 Balears, Illes;Han utilizado internet varias veces al d?a;89,2
Usuarios de Internet en los ?ltimos 3 meses;Total Nacional;05 Canarias;Total;1.670.343
Usuarios de Internet en los ?ltimos 3 meses;Total Nacional;05 Canarias;Han utilizado Internet alguna vez;..
Usuarios de Internet en los ?ltimos 3 meses;Total Nacional;05 Canarias;Han utilizado Internet en los ?ltimos 12 meses;..
Usuarios de Internet en los ?ltimos 3 meses;Total Nacional;05 Canarias;Han utilizado Internet en los ?ltimos 3 meses;100,0
Usuarios de Internet en los ?ltimos 3 meses;Total Nacional;05 Canarias;Han utilizado internet semanalmente (al menos una vez a la semana);97,9
Usuarios de Internet en los ?ltimos 3 meses;Total Nacional;05 Canarias;Han usado Internet diariamente (al menos 5 d?as a la semana);90
Usuarios de Internet en los ?ltimos 3 meses;Total Nacional;05 Canarias;Han utilizado internet varias veces al d?a;87,8
Usuarios de Internet en los ?ltimos 3 meses;Total Nacional;06 Cantabria;Total;404.874
Usuarios de Internet en los ?ltimos 3 meses;Total Nacional;06 Cantabria;Han utilizado Internet alguna vez;..
Usuarios de Internet en los ?ltimos 3 meses;Total Nacional;06 Cantabria;Han utilizado Internet en los ?ltimos 12 meses;..
Usuarios de Internet en los ?ltimos 3 meses;Total Nacional;06 Cantabria;Han utilizado Internet en los ?ltimos 3 meses;100,0
Usuarios de Internet en los ?ltimos 3 meses;Total Nacional;06 Cantabria;Han utilizado internet semanalmente (al menos una vez a la semana);98,8
Usuarios de Internet en los ?ltimos 3 meses;Total Nacional;06 Cantabria;Han usado Internet diariamente (al menos 5 d?as a la semana);91
Usuarios de Internet en los ?ltimos 3 meses;Total Nacional;06 Cantabria;Han utilizado internet varias veces al d?a;88,0
Usuarios de Internet en los ?ltimos 3 meses;Total Nacional;07 Castilla y Le?n;Total;1.606.456
Usuarios de Internet en los ?ltimos 3 meses;Total Nacional;07 Castilla y Le?n;Han utilizado Internet alguna vez;..
Usuarios de Internet en los ?ltimos 3 meses;Total Nacional;07 Castilla y Le?n;Han utilizado Internet en los ?ltimos 12 meses;..
Usuarios de Internet en los ?ltimos 3 meses;Total Nacional;07 Castilla y Le?n;Han utilizado Internet en los ?ltimos 3 meses;100,0
Usuarios de Internet en los ?ltimos 3 meses;Total Nacional;07 Castilla y Le?n;Han utilizado internet semanalmente (al menos una vez a la semana);98,2
Usuarios de Internet en los ?ltimos 3 meses;Total Nacional;07 Castilla y Le?n;Han usado Internet diariamente (al menos 5 d?as a la semana);91
Usuarios de Internet en los ?ltimos 3 meses;Total Nacional;07 Castilla y Le?n;Han utilizado internet varias veces al d?a;87,2
Usuarios de Internet en los ?ltimos 3 meses;Total Nacional;08 Castilla - La Mancha;Total;1.407.551
Usuarios de Internet en los ?ltimos 3 meses;Total Nacional;08 Castilla - La Mancha;Han utilizado Internet alguna vez;..
Usuarios de Internet en los ?ltimos 3 meses;Total Nacional;08 Castilla - La Mancha;Han utilizado Internet en los ?ltimos 12 meses;..
Usuarios de Internet en los ?ltimos 3 meses;Total Nacional;08 Castilla - La Mancha;Han utilizado Internet en los ?ltimos 3 meses;100,0
Usuarios de Internet en los ?ltimos 3 meses;Total Nacional;08 Castilla - La Mancha;Han utilizado internet semanalmente (al menos una vez a la semana);99,0
Usuarios de Internet en los ?ltimos 3 meses;Total Nacional;08 Castilla - La Mancha;Han usado Internet diariamente (al menos 5 d?as a la semana);91
Usuarios de Internet en los ?ltimos 3 meses;Total Nacional;08 Castilla - La Mancha;Han utilizado internet varias veces al d?a;86,6
Usuarios de Internet en los ?ltimos 3 meses;Total Nacional;09 Catalu?a;Total;5.438.841
Usuarios de Internet en los ?ltimos 3 meses;Total Nacional;09 Catalu?a;Han utilizado Internet alguna vez;..
Usuarios de Internet en los ?ltimos 3 meses;Total Nacional;09 Catalu?a;Han utilizado Internet en los ?ltimos 12 meses;..
Usuarios de Internet en los ?ltimos 3 meses;Total Nacional;09 Catalu?a;Han utilizado Internet en los ?ltimos 3 meses;100,0
Usuarios de Internet en los ?ltimos 3 meses;Total Nacional;09 Catalu?a;Han utilizado internet semanalmente (al menos una vez a la semana);97,9
Usuarios de Internet en los ?ltimos 3 meses;Total Nacional;09 Catalu?a;Han usado Internet diariamente (al menos 5 d?as a la semana);92
Usuarios de Internet en los ?ltimos 3 meses;Total Nacional;09 Catalu?a;Han utilizado internet varias veces al d?a;89,9
Usuarios de Internet en los ?ltimos 3 meses;Total Nacional;10 Comunitat Valenciana;Total;3.636.663
Usuarios de Internet en los ?ltimos 3 meses;Total Nacional;10 Comunitat Valenciana;Han utilizado Internet alguna vez;..
Usuarios de Internet en los ?ltimos 3 meses;Total Nacional;10 Comunitat Valenciana;Han utilizado Internet en los ?ltimos 12 meses;..
Usuarios de Internet en los ?ltimos 3 meses;Total Nacional;10 Comunitat Valenciana;Han utilizado Internet en los ?ltimos 3 meses;100,0
Usuarios de Internet en los ?ltimos 3 meses;Total Nacional;10 Comunitat Valenciana;Han utilizado internet semanalmente (al menos una vez a la semana);98,5
Usuarios de Internet en los ?ltimos 3 meses;Total Nacional;10 Comunitat Valenciana;Han usado Internet diariamente (al menos 5 d?as a la semana);93
Usuarios de Internet en los ?ltimos 3 meses;Total Nacional;10 Comunitat Valenciana;Han utilizado internet varias veces al d?a;89,6
Usuarios de Internet en los ?ltimos 3 meses;Total Nacional;11 Extremadura;Total;719.776
Usuarios de Internet en los ?ltimos 3 meses;Total Nacional;11 Extremadura;Han utilizado Internet alguna vez;..
Usuarios de Internet en los ?ltimos 3 meses;Total Nacional;11 Extremadura;Han utilizado Internet en los ?ltimos 12 meses;..
Usuarios de Internet en los ?ltimos 3 meses;Total Nacional;11 Extremadura;Han utilizado Internet en los ?ltimos 3 meses;100,0
Usuarios de Internet en los ?ltimos 3 meses;Total Nacional;11 Extremadura;Han utilizado internet semanalmente (al menos una vez a la semana);98,8
Usuarios de Internet en los ?ltimos 3 meses;Total Nacional;11 Extremadura;Han usado Internet diariamente (al menos 5 d?as a la semana);90
Usuarios de Internet en los ?ltimos 3 meses;Total Nacional;11 Extremadura;Han utilizado internet varias veces al d?a;87,4
Usuarios de Internet en los ?ltimos 3 meses;Total Nacional;12 Galicia;Total;1.812.904
Usuarios de Internet en los ?ltimos 3 meses;Total Nacional;12 Galicia;Han utilizado Internet alguna vez;..
Usuarios de Internet en los ?ltimos 3 meses;Total Nacional;12 Galicia;Han utilizado Internet en los ?ltimos 12 meses;..
Usuarios de Internet en los ?ltimos 3 meses;Total Nacional;12 Galicia;Han utilizado Internet en los ?ltimos 3 meses;100,0
Usuarios de Internet en los ?ltimos 3 meses;Total Nacional;12 Galicia;Han utilizado internet semanalmente (al menos una vez a la semana);97,5
Usuarios de Internet en los ?ltimos 3 meses;Total Nacional;12 Galicia;Han usado Internet diariamente (al menos 5 d?as a la semana);89
Usuarios de Internet en los ?ltimos 3 meses;Total Nacional;12 Galicia;Han utilizado internet varias veces al d?a;86,7
Usuarios de Internet en los ?ltimos 3 meses;Total Nacional;13 Madrid, Comunidad de;Total;4.922.781
Usuarios de Internet en los ?ltimos 3 meses;Total Nacional;13 Madrid, Comunidad de;Han utilizado Internet alguna vez;..
Usuarios de Internet en los ?ltimos 3 meses;Total Nacional;13 Madrid, Comunidad de;Han utilizado Internet en los ?ltimos 12 meses;..
Usuarios de Internet en los ?ltimos 3 meses;Total Nacional;13 Madrid, Comunidad de;Han utilizado Internet en los ?ltimos 3 meses;100,0
Usuarios de Internet en los ?ltimos 3 meses;Total Nacional;13 Madrid, Comunidad de;Han utilizado internet semanalmente (al menos una vez a la semana);98,9
Usuarios de Internet en los ?ltimos 3 meses;Total Nacional;13 Madrid, Comunidad de;Han usado Internet diariamente (al menos 5 d?as a la semana);93
Usuarios de Internet en los ?ltimos 3 meses;Total Nacional;13 Madrid, Comunidad de;Han utilizado internet varias veces al d?a;90,4
Usuarios de Internet en los ?ltimos 3 meses;Total Nacional;14 Murcia, Regi?n de;Total;1.063.863
Usuarios de Internet en los ?ltimos 3 meses;Total Nacional;14 Murcia, Regi?n de;Han utilizado Internet alguna vez;..
Usuarios de Internet en los ?ltimos 3 meses;Total Nacional;14 Murcia, Regi?n de;Han utilizado Internet en los ?ltimos 12 meses;..
Usuarios de Internet en los ?ltimos 3 meses;Total Nacional;14 Murcia, Regi?n de;Han utilizado Internet en los ?ltimos 3 meses;100,0
Usuarios de Internet en los ?ltimos 3 meses;Total Nacional;14 Murcia, Regi?n de;Han utilizado internet semanalmente (al menos una vez a la semana);98,7
Usuarios de Internet en los ?ltimos 3 meses;Total Nacional;14 Murcia, Regi?n de;Han usado Internet diariamente (al menos 5 d?as a la semana);92
Usuarios de Internet en los ?ltimos 3 meses;Total Nacional;14 Murcia, Regi?n de;Han utilizado internet varias veces al d?a;85,0
Usuarios de Internet en los ?ltimos 3 meses;Total Nacional;15 Navarra, Comunidad Foral de;Total;461.345
Usuarios de Internet en los ?ltimos 3 meses;Total Nacional;15 Navarra, Comunidad Foral de;Han utilizado Internet alguna vez;..
Usuarios de Internet en los ?ltimos 3 meses;Total Nacional;15 Navarra, Comunidad Foral de;Han utilizado Internet en los ?ltimos 12 meses;..
Usuarios de Internet en los ?ltimos 3 meses;Total Nacional;15 Navarra, Comunidad Foral de;Han utilizado Internet en los ?ltimos 3 meses;100,0
Usuarios de Internet en los ?ltimos 3 meses;Total Nacional;15 Navarra, Comunidad Foral de;Han utilizado internet semanalmente (al menos una vez a la semana);98,5
Usuarios de Internet en los ?ltimos 3 meses;Total Nacional;15 Navarra, Comunidad Foral de;Han usado Internet diariamente (al menos 5 d?as a la semana);93
Usuarios de Internet en los ?ltimos 3 meses;Total Nacional;15 Navarra, Comunidad Foral de;Han utilizado internet varias veces al d?a;87,6
Usuarios de Internet en los ?ltimos 3 meses;Total Nacional;16 Pa?s Vasco;Total;1.522.822
Usuarios de Internet en los ?ltimos 3 meses;Total Nacional;16 Pa?s Vasco;Han utilizado Internet alguna vez;..
Usuarios de Internet en los ?ltimos 3 meses;Total Nacional;16 Pa?s Vasco;Han utilizado Internet en los ?ltimos 12 meses;..
Usuarios de Internet en los ?ltimos 3 meses;Total Nacional;16 Pa?s Vasco;Han utilizado Internet en los ?ltimos 3 meses;100,0
Usuarios de Internet en los ?ltimos 3 meses;Total Nacional;16 Pa?s Vasco;Han utilizado internet semanalmente (al menos una vez a la semana);98,8
Usuarios de Internet en los ?ltimos 3 meses;Total Nacional;16 Pa?s Vasco;Han usado Internet diariamente (al menos 5 d?as a la semana);93
Usuarios de Internet en los ?ltimos 3 meses;Total Nacional;16 Pa?s Vasco;Han utilizado internet varias veces al d?a;88,9
Usuarios de Internet en los ?ltimos 3 meses;Total Nacional;17 Rioja, La;Total;217.015
Usuarios de Internet en los ?ltimos 3 meses;Total Nacional;17 Rioja, La;Han utilizado Internet alguna vez;..
Usuarios de Internet en los ?ltimos 3 meses;Total Nacional;17 Rioja, La;Han utilizado Internet en los ?ltimos 12 meses;..
Usuarios de Internet en los ?ltimos 3 meses;Total Nacional;17 Rioja, La;Han utilizado Internet en los ?ltimos 3 meses;100,0
Usuarios de Internet en los ?ltimos 3 meses;Total Nacional;17 Rioja, La;Han utilizado internet semanalmente (al menos una vez a la semana);97,1
Usuarios de Internet en los ?ltimos 3 meses;Total Nacional;17 Rioja, La;Han usado Internet diariamente (al menos 5 d?as a la semana);90
Usuarios de Internet en los ?ltimos 3 meses;Total Nacional;17 Rioja, La;Han utilizado internet varias veces al d?a;86,5
Usuarios de Internet en los ?ltimos 3 meses;Total Nacional;18 Ceuta;Total;54.576
Usuarios de Internet en los ?ltimos 3 meses;Total Nacional;18 Ceuta;Han utilizado Internet alguna vez;..
Usuarios de Internet en los ?ltimos 3 meses;Total Nacional;18 Ceuta;Han utilizado Internet en los ?ltimos 12 meses;..
Usuarios de Internet en los ?ltimos 3 meses;Total Nacional;18 Ceuta;Han utilizado Internet en los ?ltimos 3 meses;100,0
Usuarios de Internet en los ?ltimos 3 meses;Total Nacional;18 Ceuta;Han utilizado internet semanalmente (al menos una vez a la semana);99,1
Usuarios de Internet en los ?ltimos 3 meses;Total Nacional;18 Ceuta;Han usado Internet diariamente (al menos 5 d?as a la semana);94
Usuarios de Internet en los ?ltimos 3 meses;Total Nacional;18 Ceuta;Han utilizado internet varias veces al d?a;92,3
Usuarios de Internet en los ?ltimos 3 meses;Total Nacional;19 Melilla;Total;60.588
Usuarios de Internet en los ?ltimos 3 meses;Total Nacional;19 Melilla;Han utilizado Internet alguna vez;..
Usuarios de Internet en los ?ltimos 3 meses;Total Nacional;19 Melilla;Han utilizado Internet en los ?ltimos 12 meses;..
Usuarios de Internet en los ?ltimos 3 meses;Total Nacional;19 Melilla;Han utilizado Internet en los ?ltimos 3 meses;100,0
Usuarios de Internet en los ?ltimos 3 meses;Total Nacional;19 Melilla;Han utilizado internet semanalmente (al menos una vez a la semana);100,0
Usuarios de Internet en los ?ltimos 3 meses;Total Nacional;19 Melilla;Han usado Internet diariamente (al menos 5 d?as a la semana);93
Usuarios de Internet en los ?ltimos 3 meses;Total Nacional;19 Melilla;Han utilizado internet varias veces al d?a;92,6
